clock_tick,input.restart,input.pull,input.status,input.autopull,output.dir,output.branch,output.log,log,git
0,,,,False,sim_app_root,xxxxxxx,,,
1,,,,False,sim_app_root,xxxxxxx,,,
2,,,,False,sim_app_root,xxxxxxx,,,
3,,,,False,sim_app_root,xxxxxxx,,,
4,,,,False,sim_app_root,xxxxxxx,,,
5,,,,False,sim_app_root,xxxxxxx,,,
6,,,,False,sim_app_root,xxxxxxx,,,
7,,,,False,sim_app_root,xxxxxxx,,,
8,,,,False,sim_app_root,xxxxxxx,,,
9,,,,False,sim_app_root,xxxxxxx,,,
10,,,,False,sim_app_root,xxxxxxx,,,
11,,,,False,sim_app_root,xxxxxxx,,,
12,,,,False,sim_app_root,xxxxxxx,,,
13,,,,False,sim_app_root,xxxxxxx,,,
14,,,,False,sim_app_root,xxxxxxx,,,
15,,,,False,sim_app_root,xxxxxxx,,,
16,,,,False,sim_app_root,xxxxxxx,,,
17,,,,False,sim_app_root,xxxxxxx,,,
18,,,,False,sim_app_root,xxxxxxx,,,
19,,,,False,sim_app_root,xxxxxxx,,,
20,,,,False,sim_app_root,xxxxxxx,,,
21,,,,False,sim_app_root,xxxxxxx,,,
22,,,,False,sim_app_root,xxxxxxx,,,
23,,,,False,sim_app_root,xxxxxxx,,,
24,,,,False,sim_app_root,xxxxxxx,,,
25,,,,False,sim_app_root,xxxxxxx,,,
26,,,,False,sim_app_root,xxxxxxx,,,
27,,,,False,sim_app_root,xxxxxxx,,,
28,,,,False,sim_app_root,xxxxxxx,,,
29,,,,False,sim_app_root,xxxxxxx,,,
30,,,,False,sim_app_root,xxxxxxx,,,
31,,,,False,sim_app_root,xxxxxxx,,,
32,,,,False,sim_app_root,xxxxxxx,,,
33,,,,False,sim_app_root,xxxxxxx,,,
34,,,,False,sim_app_root,xxxxxxx,,,
35,,,,False,sim_app_root,xxxxxxx,,,
36,,,,False,sim_app_root,xxxxxxx,,,
37,,,,False,sim_app_root,xxxxxxx,,,
38,,,,False,sim_app_root,xxxxxxx,,,
39,,,,False,sim_app_root,xxxxxxx,,,
40,,,,False,sim_app_root,xxxxxxx,,,
41,,,,False,sim_app_root,xxxxxxx,,,
42,,,,False,sim_app_root,xxxxxxx,,,
43,,,,False,sim_app_root,xxxxxxx,,,
44,,,,False,sim_app_root,xxxxxxx,,,
45,,,,False,sim_app_root,xxxxxxx,,,
46,,,,False,sim_app_root,xxxxxxx,,,
47,,,,False,sim_app_root,xxxxxxx,,,
48,,,,False,sim_app_root,xxxxxxx,,,
49,,,,False,sim_app_root,xxxxxxx,,,
50,,,,False,sim_app_root,xxxxxxx,,,
51,,,,False,sim_app_root,xxxxxxx,,,
52,,,,False,sim_app_root,xxxxxxx,,,
53,,,,False,sim_app_root,xxxxxxx,,,
54,,,,False,sim_app_root,xxxxxxx,,,
55,,,,False,sim_app_root,xxxxxxx,,,
56,,,,False,sim_app_root,xxxxxxx,,,
57,,,,False,sim_app_root,xxxxxxx,,,
58,,,,False,sim_app_root,xxxxxxx,,,
59,,,,False,sim_app_root,xxxxxxx,,,
60,,,,False,sim_app_root,xxxxxxx,,,
61,,,,False,sim_app_root,xxxxxxx,,,
62,,,,False,sim_app_root,xxxxxxx,,,
63,,,,False,sim_app_root,xxxxxxx,,,
64,,,,False,sim_app_root,xxxxxxx,,,
65,,,,False,sim_app_root,xxxxxxx,,,
66,,,,False,sim_app_root,xxxxxxx,,,
67,,,,False,sim_app_root,xxxxxxx,,,
68,,,,False,sim_app_root,xxxxxxx,,,
69,,,,False,sim_app_root,xxxxxxx,,,
70,,,,False,sim_app_root,xxxxxxx,,,
71,,,,False,sim_app_root,xxxxxxx,,,
72,,,,False,sim_app_root,xxxxxxx,,,
73,,,,False,sim_app_root,xxxxxxx,,,
74,,,,False,sim_app_root,xxxxxxx,,,
75,,,,False,sim_app_root,xxxxxxx,,,
76,,,,False,sim_app_root,xxxxxxx,,,
77,,,,False,sim_app_root,xxxxxxx,,,
78,,,,False,sim_app_root,xxxxxxx,,,
79,,,,False,sim_app_root,xxxxxxx,,,
80,,,,False,sim_app_root,xxxxxxx,,,
81,,,,False,sim_app_root,xxxxxxx,,,
82,,,,False,sim_app_root,xxxxxxx,,,
83,,,,False,sim_app_root,xxxxxxx,,,
84,,,,False,sim_app_root,xxxxxxx,,,
85,,,,False,sim_app_root,xxxxxxx,,,
86,,,,False,sim_app_root,xxxxxxx,,,
87,,,,False,sim_app_root,xxxxxxx,,,
88,,,,False,sim_app_root,xxxxxxx,,,
89,,,,False,sim_app_root,xxxxxxx,,,
90,,,,False,sim_app_root,xxxxxxx,,,
91,,,,False,sim_app_root,xxxxxxx,,,
92,,,,False,sim_app_root,xxxxxxx,,,
93,,,,False,sim_app_root,xxxxxxx,,,
94,,,,False,sim_app_root,xxxxxxx,,,
95,,,,False,sim_app_root,xxxxxxx,,,
96,,,,False,sim_app_root,xxxxxxx,,,
97,,,,False,sim_app_root,xxxxxxx,,,
98,,,,False,sim_app_root,xxxxxxx,,,
99,,,,False,sim_app_root,xxxxxxx,,,
